series,date,value,basis,source
brent,2026-01-15,66.6,monthly_avg,Brent January monthly average placed mid-month (countryeconomy)
brent,2026-02-27,72.0,intraday,Brent pre-war level ~72 (CNBC war timeline); transits: typical pre-war daily traffic ~100 (CNN)
brent,2026-03-11,90.96,morning_quote,Brent US morning quote (Fortune)
brent,2026-03-12,98.76,morning_quote,Brent US morning quote (Fortune)
brent,2026-03-20,107.4,morning_quote,Brent US morning quote (Fortune)
brent,2026-03-24,102.47,morning_quote,Brent US morning quote (Fortune)
brent,2026-03-26,105.85,morning_quote,Brent US morning quote (Fortune)
brent,2026-03-27,107.81,morning_quote,Brent US morning quote (Fortune)
brent,2026-04-15,96.83,morning_quote,Brent US morning quote (Fortune)
brent,2026-04-30,126.41,intraday,Brent intraday four-year high (CNN/CNBC); KOSPI close -1.38%; won onshore close (Korea Times)
brent,2026-05-22,104.68,morning_quote,Brent US morning quote (Fortune)
brent,2026-06-02,96.65,morning_quote,Brent US morning quote (Fortune)
brent,2026-06-12,89.94,morning_quote,Brent US morning quote (Fortune)
brent,2026-06-22,79.25,morning_quote,Brent US morning quote (Fortune); KOSPI record close (UPI/GuruTrade)
brent,2026-06-26,74.7,intraday,Brent intraday level from brief 2026-06-26
brent,2026-06-30,75.02,morning_quote,Brent US morning quote (Fortune)
brent,2026-07-09,79.25,morning_quote,Brent US morning quote (Fortune); KOSPI close +0.62% (Korea Times)
brent,2026-07-10,76.8,morning_quote,Brent US morning quote (Fortune)
brent,2026-07-14,84.73,settle,Brent/WTI settles; KOSPI and won closes (brief 2026-07-15); Kpler transits reported 07-15 (Bloomberg)
brent,2026-07-15,84.95,settle,Brent/WTI settles (CNBC); KOSPI +6.24% close and won close on US CPI relief rally (Korea Times/The Investor)
hormuz_transits,2026-02-27,100.0,baseline,Brent pre-war level ~72 (CNBC war timeline); transits: typical pre-war daily traffic ~100 (CNN)
hormuz_transits,2026-05-29,7.0,daily_count,Kpler: 7 ships (5 in 2 out) on the Friday before June 2 (CNN)
hormuz_transits,2026-06-18,25.0,daily_count,Kpler verified crossings (Kpler)
hormuz_transits,2026-06-24,42.0,daily_count,transits as reported in brief 2026-06-24 (post-reopening recovery)
hormuz_transits,2026-07-06,37.0,daily_count,Kpler count cited 2026-07-13 as same day the previous week
hormuz_transits,2026-07-13,14.0,daily_count,KOSPI close (circuit breaker day); won close; Kpler transits with all six commodity carriers dark
hormuz_transits,2026-07-14,21.0,daily_count,Brent/WTI settles; KOSPI and won closes (brief 2026-07-15); Kpler transits reported 07-15 (Bloomberg)
kospi,2026-01-21,4909.93,close,KOSPI record close +0.5% (market wire via Baidu; single source)
kospi,2026-02-25,6083.86,close,KOSPI close +1.91% breaking 6000 (Korea JoongAng Daily)
kospi,2026-03-04,5093.54,close,KOSPI close -12.1% worst day on record trading halt (Euronews); won broke 1500 same week (Korea Times)
kospi,2026-04-29,6690.9,close,KOSPI record close third straight record (Korea Times)
kospi,2026-04-30,6598.87,close,Brent intraday four-year high (CNN/CNBC); KOSPI close -1.38%; won onshore close (Korea Times)
kospi,2026-05-15,7493.18,close,KOSPI close after intraday record 8046.78; won crossed 1500 line (Seoul Economic Daily)
kospi,2026-06-22,9114.55,morning_quote,Brent US morning quote (Fortune); KOSPI record close (UPI/GuruTrade)
kospi,2026-06-25,8930.3,close,KOSPI close +5.42% on chip rally; won 15:30 quote (UPI)
kospi,2026-07-02,7648.09,close,KOSPI close -7.89% sidecar triggered (Seoul Economic Daily)
kospi,2026-07-09,7291.91,morning_quote,Brent US morning quote (Fortune); KOSPI close +0.62% (Korea Times)
kospi,2026-07-13,6806.93,close,KOSPI close (circuit breaker day); won close; Kpler transits with all six commodity carriers dark
kospi,2026-07-14,6856.83,settle,Brent/WTI settles; KOSPI and won closes (brief 2026-07-15); Kpler transits reported 07-15 (Bloomberg)
kospi,2026-07-15,7284.41,settle,Brent/WTI settles (CNBC); KOSPI +6.24% close and won close on US CPI relief rally (Korea Times/The Investor)
usdkrw,2026-01-05,1443.8,close,won daytime close (KED Global)
usdkrw,2026-04-30,1483.3,close,Brent intraday four-year high (CNN/CNBC); KOSPI close -1.38%; won onshore close (Korea Times)
usdkrw,2026-05-15,1500.8,close,KOSPI close after intraday record 8046.78; won crossed 1500 line (Seoul Economic Daily)
usdkrw,2026-06-25,1542.7,close,KOSPI close +5.42% on chip rally; won 15:30 quote (UPI)
usdkrw,2026-06-29,1545.2,close,won daytime close; VKOSPI record day (Bloomingbit)
usdkrw,2026-07-01,1554.9,close,won close (Bloomingbit)
usdkrw,2026-07-13,1502.8,close,KOSPI close (circuit breaker day); won close; Kpler transits with all six commodity carriers dark
usdkrw,2026-07-14,1493.0,settle,Brent/WTI settles; KOSPI and won closes (brief 2026-07-15); Kpler transits reported 07-15 (Bloomberg)
usdkrw,2026-07-15,1484.7,settle,Brent/WTI settles (CNBC); KOSPI +6.24% close and won close on US CPI relief rally (Korea Times/The Investor)
wti,2026-07-14,79.34,settle,Brent/WTI settles; KOSPI and won closes (brief 2026-07-15); Kpler transits reported 07-15 (Bloomberg)
wti,2026-07-15,79.6,settle,Brent/WTI settles (CNBC); KOSPI +6.24% close and won close on US CPI relief rally (Korea Times/The Investor)
brent,2026-07-16,84.63,close,Brent daily close -0.37% profit taking after four up sessions (Trading Economics)
wti,2026-07-16,79.40,intraday,WTI ~79.4 intraday 07-16 (LiteFinance); no settle found in window
kospi,2026-07-16,6820.60,close,KOSPI -6.37% Black Thursday chip rout; 19th sidecar of 2026 (Korea Times/Seoul Economic Daily)
usdkrw,2026-07-16,1480.4,close,won close after BOK 25bp hike to 2.75% (Businesskorea)
hormuz_transits,2026-07-15,7.0,daily_count,Kpler via AP/US News: 7 vessels 07-15 mostly Iranian route; same report puts 07-14 at 13 vs Bloomberg's 21
brent,2026-07-17,88.10,settle,Brent settle +4.6% on Kuwait desalination plant strike and Red Sea risk (CNBC); Trading Economics showed 85.95 intraday - CNBC settle used
wti,2026-07-17,82.49,settle,WTI settle +4.5% (CNBC); week +10%+
hormuz_transits,2026-07-16,8.0,daily_count,Kpler via CNBC: 8 transits 07-16 only 3 commodity vessels fewest since May; same series puts 07-15 at 15 vs AP 7 - counting bases still inconsistent
brent,2026-06-12,82.91,close,CNN (published 06-14): Friday settle -5% lowest since Mar 5; morning quote same day was 89.94 (Fortune) before the pre-MOU slide completed
brent,2026-06-25,72.68,close,Al Jazeera: August contract -1.44% to 72.68; lowest since Feb 27 pre-war
brent,2026-07-01,71.57,close,CNBC: -1.9% settle as Trump says Qatar talks going well; Brent spot dipped below $70 same day (EIA STEO)
brent,2026-07-02,71.53,morning_quote,Fortune 9:40am ET quote; Al Jazeera: settled just below $72
brent,2026-07-08,78.02,settle,CNBC: +5.2% settle on renewed US strikes and blockade threat
brent,2026-07-13,83.30,settle,CNBC: +9.6% settle; biggest daily gain since May 2020 after Trump reinstates blockade
wti,2026-04-30,105.07,settle,CNBC: WTI settled 105.07 (-1%+) while Brent touched 126 intraday
wti,2026-06-12,80.21,close,CNN (published 06-14): Friday settle -5.5% lowest since early March
wti,2026-06-25,69.58,close,Al Jazeera: -1.08% to 69.58
wti,2026-07-01,68.58,settle,CNBC: -1.3% settle
wti,2026-07-08,73.52,settle,CNBC: +4.4% settle
kospi,2026-01-30,5220.0,close,namu wiki: closed in the 5220 range after intraday 5300 break; approximate level not exact print
kospi,2026-02-24,5969.64,close,namu wiki: +2.1% close; cross-checks with 02-25 close 6083.86 (+1.91%)
kospi,2026-03-31,5052.46,close,namu wiki/Seoul Economic Daily: -4.26% (-224.84)
kospi,2026-04-14,5967.75,close,namu wiki: +2.74%
kospi,2026-04-21,6388.47,close,namu wiki: +2.72%
kospi,2026-05-29,8476.15,close,Nate news (wire): +290.86 close
kospi,2026-06-17,8864.24,close,wire via Daum: +1.58% record close at the time
kospi,2026-06-30,8476.48,close,Businesskorea/namu: +0.97% H1 final session
kospi,2026-07-08,7246.79,close,namu wiki/News1: -5.35% sell sidecar 13:47; cross-checks with 07-09 +0.62% to 7291.91
usdkrw,2026-03-04,1466.1,close,Money Today: 15:30 daytime close; night session touched 1506.1 (first 1500 break since 2009) and closed 1485.7 at 2am
usdkrw,2026-03-31,1530.1,close,wire via search/Seoul Economic Daily: +14.4 highest since Mar 9 2009
usdkrw,2026-05-06,1455.1,close,Seoul Finance: first 1450s daytime close in ~2 months on foreign net buying and yen strength
usdkrw,2026-05-29,1506.2,close,Nate news (wire): +3.40 daytime close
usdkrw,2026-06-04,1530.0,intraday,Daum/Munhwa Ilbo: 1530 line broken intraday; daytime close not retrieved
usdkrw,2026-06-30,1549.4,close,Businesskorea: +4.2 daytime close; highest close since Mar 6 2009 (1550)
hormuz_transits,2026-06-15,8.0,daily_count,Kpler via France24 (06-17): 8 commodity carriers Monday
hormuz_transits,2026-06-16,6.0,daily_count,Kpler via France24 (06-17): 6 Tuesday
hormuz_transits,2026-07-08,30.0,daily_count,Kpler via Insurance Journal/Bloomberg (07-13): 30 Wednesday
hormuz_transits,2026-07-09,22.0,daily_count,Kpler via Insurance Journal/Bloomberg (07-13): 22 Thursday down from 30
